{
  "resourceType": "CodeSystem",
  "id": "prat-entity-cs",
  "text": {
    "status": "generated",
    "div": "<div xmlns=\"http://www.w3.org/1999/xhtml\"><p>This code system http://hl7.org/fhir/us/pacio-rat/CodeSystem/prat-entity-cs defines the following codes:</p><table class=\"codes\"><tr><td style=\"white-space:nowrap\"><b>Code</b></td><td><b>Display</b></td><td><b>Definition</b></td></tr><tr><td style=\"white-space:nowrap\">payer<a name=\"prat-entity-cs-payer\"> </a></td><td>Payer</td><td>Payer</td></tr><tr><td style=\"white-space:nowrap\">regulatory-state<a name=\"prat-entity-cs-regulatory-state\"> </a></td><td>Regulatory - State</td><td>Regulatory - State</td></tr><tr><td style=\"white-space:nowrap\">regulatory-federal<a name=\"prat-entity-cs-regulatory-federal\"> </a></td><td>Regulatory - Federal</td><td>Regulatory - Federal</td></tr><tr><td style=\"white-space:nowrap\">provider<a name=\"prat-entity-cs-provider\"> </a></td><td>Provider</td><td>Provider</td></tr><tr><td style=\"white-space:nowrap\">accreditation-agency<a name=\"prat-entity-cs-accreditation-agency\"> </a></td><td>Accreditation Agency</td><td>Accreditation Agency</td></tr></table></div>"
  },
  "url": "http://hl7.org/fhir/us/pacio-rat/CodeSystem/prat-entity-cs",
  "version": "0.1.0",
  "name": "TimepointEntityCodeSystem",
  "title": "Timepoint Entity Code System",
  "status": "active",
  "date": "2021-07-14T15:27:29-07:00",
  "publisher": "HL7 Community-Based Care and Privacy Working Group",
  "contact": [
    {
      "name": "HL7 Community-Based Care and Privacy Working Group",
      "telecom": [
        {
          "system": "url",
          "value": "http://www.hl7.org/Special/committees/patientempowerment/index.cfm"
        },
        {
          "system": "email",
          "value": "patients@lists.HL7.org"
        }
      ]
    }
  ],
  "description": "Codes describing various entity types for structuring timepoints.",
  "jurisdiction": [
    {
      "coding": [
        {
          "system": "urn:iso:std:iso:3166",
          "code": "US"
        }
      ]
    }
  ],
  "content": "complete",
  "count": 5,
  "concept": [
    {
      "code": "payer",
      "display": "Payer",
      "definition": "Payer"
    },
    {
      "code": "regulatory-state",
      "display": "Regulatory - State",
      "definition": "Regulatory - State"
    },
    {
      "code": "regulatory-federal",
      "display": "Regulatory - Federal",
      "definition": "Regulatory - Federal"
    },
    {
      "code": "provider",
      "display": "Provider",
      "definition": "Provider"
    },
    {
      "code": "accreditation-agency",
      "display": "Accreditation Agency",
      "definition": "Accreditation Agency"
    }
  ]
}