<?xml version="1.0" encoding="UTF-8"?>

<Encounter xmlns="http://hl7.org/fhir">
  <id value="Encounter-1-SNF-Stay"/>
  <meta>
    <profile value="http://hl7.org/fhir/us/core/StructureDefinition/us-core-encounter"/>
  </meta>
  <text>
    <status value="generated"/><div xmlns="http://www.w3.org/1999/xhtml"><p><b>Generated Narrative</b></p><p><b>status</b>: finished</p><p><b>class</b>: <span title="{http://terminology.hl7.org/CodeSystem/v3-ActCode IMP}">Inpatient encounter</span></p><p><b>type</b>: <span title="Codes: {http://snomed.info/sct 32485007}">Hospital admission (procedure)</span></p><p><b>subject</b>: <a href="Patient-patientBSJ1.html">Generated Summary: id: 10A3D58WH1600; active; Betsy Smith-Johnson; Phone: 210-222-1111; gender: female; birthDate: 1950-11-01; <span title="Codes: {http://terminology.hl7.org/CodeSystem/v3-MaritalStatus U}">unmarried</span></a></p><h3>Participants</h3><table class="grid"><tr><td>-</td><td><b>Individual</b></td></tr><tr><td>*</td><td><a href="Practitioner-Practitioner-NoraOlogist.html">Generated Summary: id: 3668788925; active; Nora Ologist; Phone: (210) 555 7632; gender: female</a></td></tr></table><p><b>period</b>: Jan 1, 2020, 12:00:00 PM --&gt; Jan 10, 2020, 7:30:00 AM</p><h3>Diagnoses</h3><table class="grid"><tr><td>-</td><td><b>Condition</b></td><td><b>Use</b></td></tr><tr><td>*</td><td><a href="Condition-BSJ-Diagnosis1.html">Generated Summary: <span title="Codes: {http://terminology.hl7.org/CodeSystem/condition-clinical active}">Active</span>; <span title="Codes: {http://terminology.hl7.org/CodeSystem/condition-ver-status confirmed}">Confirmed</span>; <span title="Codes: {http://terminology.hl7.org/CodeSystem/condition-category encounter-diagnosis}">Encounter Diagnosis</span>; <span title="Codes: {http://snomed.info/sct 422504002}">Ischemic stroke (disorder) </span>; onset: Jan 1, 2020, 12:00:00 PM</a></td><td><span title="Codes: {http://terminology.hl7.org/CodeSystem/diagnosis-role AD}">Admission diagnosis</span></td></tr></table></div>
  </text>
  <status value="finished"/>
  <class>
    <system value="http://terminology.hl7.org/CodeSystem/v3-ActCode"/>
    <code value="IMP"/>
    <display value="Inpatient encounter"/>
  </class>
  <type>
    <coding>
      <system value="http://snomed.info/sct"/>
      <code value="32485007"/>
      <display value="Hospital admission (procedure)"/>
    </coding>
  </type>
  <subject>
    <reference value="Patient/patientBSJ1"/>
  </subject>
  <participant>
    <individual>
      <reference value="Practitioner/Practitioner-NoraOlogist"/>
    </individual>
  </participant>
  <period>
    <start value="2020-01-01T15:00:00-05:00"/>
    <end value="2020-01-10T10:30:00-05:00"/>
  </period>
  <diagnosis>
    <condition>
      <reference value="Condition/BSJ-Diagnosis1"/>
    </condition>
    <use>
      <coding>
        <system value="http://terminology.hl7.org/CodeSystem/diagnosis-role"/>
        <code value="AD"/>
        <display value="Admission diagnosis"/>
      </coding>
    </use>
  </diagnosis>
</Encounter>