<?xml version="1.0" encoding="UTF-8"?>

<Encounter xmlns="http://hl7.org/fhir">
  <id value="OASIS-Re-assessment-Timepoint-1"/>
  <meta>
    <profile value="http://hl7.org/fhir/us/pacio-rat/StructureDefinition/prat-encounter"/>
  </meta>
  <text>
    <status value="generated"/><div xmlns="http://www.w3.org/1999/xhtml"><p><b>Generated Narrative</b></p><p><b>identifier</b>: id: OASIS-Re-assessment-Timepoint-1001</p><p><b>status</b>: finished</p><p><b>class</b>: <span title="{http://hl7.org/fhir/us/pacio-rat/CodeSystem/prat-class-cs HH}">HH</span></p><p><b>type</b>: <span title="Codes: {http://hl7.org/fhir/us/pacio-rat/CodeSystem/prat-entity-cs payer}">Payer</span></p><p><b>serviceType</b>: <span title="Codes: {http://hl7.org/fhir/us/pacio-rat/CodeSystem/prat-service-type-cs oasis}">OASIS</span></p><p><b>subject</b>: <a href="Patient-patientBSJ1.html">Generated Summary: id: 10A3D58WH1600; active; Betsy Smith-Johnson; Phone: 210-222-1111; gender: female; birthDate: 1950-11-01; <span title="Codes: {http://terminology.hl7.org/CodeSystem/v3-MaritalStatus U}">unmarried</span></a></p><p><b>episodeOfCare</b>: <a href="EpisodeOfCare-Episodecare-2-HHA-Stay.html">Generated Summary: status: finished; <span title="Codes: {http://terminology.hl7.org/CodeSystem/episodeofcare-type hacc}">Home and Community Care</span>; period: 2020-02-10 --&gt; 2020-06-29</a></p><blockquote><p><b>participant</b></p><p><b>individual</b>: <a href="Practitioner-Practitioner-LunaBaskins.html">Generated Summary: active; Luna Baskins Jones; Phone: (210) 555 1871; gender: female</a></p></blockquote><blockquote><p><b>participant</b></p><p><b>individual</b>: <a href="Practitioner-Practitioner-JacobHartwell.html">Generated Summary: id: 4567123789; active; Jacob Hartwell; Phone: (210) 555 1889; gender: male</a></p></blockquote><blockquote><p><b>participant</b></p><p><b>individual</b>: <a href="Practitioner-Practitioner-ScottDumble.html">Generated Summary: active; Scott Dumble; Phone: (210) 555 1399; gender: male</a></p></blockquote><p><b>period</b>: 2020-02-10 --&gt; 2020-04-09</p><p><b>reasonCode</b>: <span title="Codes: {http://hl7.org/fhir/sid/icd-10 I63.411}">Cerebral infarction due to embolism of right middle cerebral artery</span></p><p><b>reasonReference</b>: </p><ul><li><a href="HHA-PF-SOC--OASIS-2A">HHA-PF-SOC--OASIS-2A</a></li><li><a href="HHA-SC-SOC-Perf-OASIS-2B">HHA-SC-SOC-Perf-OASIS-2B</a></li><li><a href="HHA-SC-DG-OASIS-2C">HHA-SC-DG-OASIS-2C</a></li><li><a href="HHA-MOB-SOC-Perf-OASIS-2A">HHA-MOB-SOC-Perf-OASIS-2A</a></li><li><a href="HHA-MOB-DG-OASIS-2B">HHA-MOB-DG-OASIS-2B</a></li></ul><h3>Locations</h3><table class="grid"><tr><td>-</td><td><b>Location</b></td></tr><tr><td>*</td><td><a href="Location-Provider-Org-Loc-2.html">Generated Summary: status: active; name: Sky Harbor Home Health Services</a></td></tr></table><p><b>serviceProvider</b>: <a href="Organization-Provider-Org-2.html">Generated Summary: name: Sky Harbor Home Health Services</a></p><p><b>partOf</b>: <a href="Encounter-Encounter-2-HHA-Stay.html">Generated Summary: status: finished; <span title="{http://terminology.hl7.org/CodeSystem/v3-ActCode IMP}">Inpatient encounter</span>; <span title="Codes: {http://snomed.info/sct 32485007}">Hospital admission (procedure)</span>; period: Feb 10, 2020, 12:00:00 PM --&gt; Jun 29, 2020, 8:30:00 AM</a></p></div>
  </text>
  <identifier>
    <system value="http://hl7.org/fhir/us/pacio-rat"/>
    <value value="OASIS-Re-assessment-Timepoint-1001"/>
  </identifier>
  <status value="finished"/>
  <class>
    <system value="http://hl7.org/fhir/us/pacio-rat/CodeSystem/prat-class-cs"/>
    <code value="HH"/>
  </class>
  <type>
    <coding>
      <system value="http://hl7.org/fhir/us/pacio-rat/CodeSystem/prat-entity-cs"/>
      <code value="payer"/>
    </coding>
  </type>
  <serviceType>
    <coding>
      <system value="http://hl7.org/fhir/us/pacio-rat/CodeSystem/prat-service-type-cs"/>
      <code value="oasis"/>
    </coding>
  </serviceType>
  <subject>
    <reference value="Patient/patientBSJ1"/>
  </subject>
  <episodeOfCare>
    <reference value="EpisodeOfCare/Episodecare-2-HHA-Stay"/>
  </episodeOfCare>
  <participant>
    <individual>
      <reference value="Practitioner/Practitioner-LunaBaskins"/>
    </individual>
  </participant>
  <participant>
    <individual>
      <reference value="Practitioner/Practitioner-JacobHartwell"/>
    </individual>
  </participant>
  <participant>
    <individual>
      <reference value="Practitioner/Practitioner-ScottDumble"/>
    </individual>
  </participant>
  <period>
    <start value="2020-02-10"/>
    <end value="2020-04-09"/>
  </period>
  <reasonCode>
    <coding>
      <system value="http://hl7.org/fhir/sid/icd-10"/>
      <code value="I63.411"/>
      <display value="Cerebral infarction due to embolism of right middle cerebral artery"/>
    </coding>
  </reasonCode>
  <reasonReference>
    <reference value="HHA-PF-SOC--OASIS-2A"/>
  </reasonReference>
  <reasonReference>
    <reference value="HHA-SC-SOC-Perf-OASIS-2B"/>
  </reasonReference>
  <reasonReference>
    <reference value="HHA-SC-DG-OASIS-2C"/>
  </reasonReference>
  <reasonReference>
    <reference value="HHA-MOB-SOC-Perf-OASIS-2A"/>
  </reasonReference>
  <reasonReference>
    <reference value="HHA-MOB-DG-OASIS-2B"/>
  </reasonReference>
  <location>
    <location>
      <reference value="Location/Provider-Org-Loc-2"/>
    </location>
  </location>
  <serviceProvider>
    <reference value="Organization/Provider-Org-2"/>
  </serviceProvider>
  <partOf>
    <reference value="Encounter/Encounter-2-HHA-Stay"/>
  </partOf>
</Encounter>