<?xml version="1.0" encoding="UTF-8"?>

<Observation xmlns="http://hl7.org/fhir">
  <id value="SNF-SC-IP-MDS-IPA-1D"/>
  <text>
    <status value="extensions"/><div xmlns="http://www.w3.org/1999/xhtml"><p><b>Generated Narrative</b></p><p><b>Event Location</b>: <a href="Location-Provider-Org-Loc-1.html">Generated Summary: status: active; name: Happy Nursing Facility</a></p><p></p><p><b>category</b>: <span title="Codes: {http://terminology.hl7.org/CodeSystem/observation-category survey}">Survey</span></p><p><b>code</b>: <span title="Codes: {http://loinc.org 90540-6}">MDS v1.17.1, 1.17.2 - Self-care - interim performance - IPA during assessment period [CMS Assessment]</span></p><p><b>subject</b>: <a href="Patient-patientBSJ1.html">Generated Summary: id: 10A3D58WH1600; active; Betsy Smith-Johnson; Phone: 210-222-1111; gender: female; birthDate: 1950-11-01; <span title="Codes: {http://terminology.hl7.org/CodeSystem/v3-MaritalStatus U}">unmarried</span></a></p><p><b>effective</b>: Jan 14, 2020, 1:00:00 PM</p><p><b>performer</b>: <a href="PractitionerRole-provider-role-physical-therapist-Practitioner-JenCadbury.html">Generated Summary: active; <span title="Codes: {http://nucc.org/provider-taxonomy 225100000X}">Physical Therapist</span>; <span title="Codes: {http://nucc.org/provider-taxonomy 225100000X}">Physical Therapist</span></a></p><p><b>hasMember</b>: </p><ul><li><a href="Observation-SNF-SC-IP-MDS-IPA-1D-Ob-Question-26.html">Generated Summary: <span title="Codes: {http://loinc.org 95019-6}">Eating - usual functional ability during assessment period [CMS Assessment]</span>; effective: Jan 14, 2020, 1:00:00 PM; <span title="Codes: {http://loinc.org LA11759-0}">Substantial/maximal assistance - Helper does more than half the effort. Helper lifts or holds trunk or limbs and provides more than half the effort.</span></a></li><li><a href="Observation-SNF-SC-IP-MDS-IPA-1D-Ob-Question-27.html">Generated Summary: <span title="Codes: {http://loinc.org 95018-8}">Oral hygiene - usual functional ability during assessment period [CMS Assessment]</span>; effective: Jan 14, 2020, 1:00:00 PM; <span title="Codes: {http://loinc.org LA11759-0}">Substantial/maximal assistance - Helper does more than half the effort. Helper lifts or holds trunk or limbs and provides more than half the effort.</span></a></li><li><a href="Observation-SNF-SC-IP-MDS-IPA-1D-Ob-Question-28.html">Generated Summary: <span title="Codes: {http://loinc.org 95017-0}">Toileting hygiene - usual functional ability during assessment period [CMS Assessment]</span>; effective: Jan 14, 2020, 1:00:00 PM; <span title="Codes: {http://loinc.org LA11759-0}">Substantial/maximal assistance - Helper does more than half the effort. Helper lifts or holds trunk or limbs and provides more than half the effort.</span></a></li></ul></div>
  </text>
  <extension url="http://hl7.org/fhir/StructureDefinition/event-location">
    <valueReference>
      <reference value="Location/Provider-Org-Loc-1"/>
    </valueReference>
  </extension>
  <status value="final"/>
  <category>
    <coding>
      <system value="http://terminology.hl7.org/CodeSystem/observation-category"/>
      <code value="survey"/>
    </coding>
  </category>
  <code>
    <coding>
      <system value="http://loinc.org"/>
      <code value="90540-6"/>
      <display value="MDS v1.17.1, 1.17.2 - Self-care - interim performance - IPA during assessment period [CMS Assessment]"/>
    </coding>
  </code>
  <subject>
    <reference value="Patient/patientBSJ1"/>
  </subject>
  <effectiveDateTime value="2020-01-14T16:00:00-05:00"/>
  <performer>
    <reference value="PractitionerRole/provider-role-physical-therapist-Practitioner-JenCadbury"/>
  </performer>
  <hasMember>
    <reference value="Observation/SNF-SC-IP-MDS-IPA-1D-Ob-Question-26"/>
  </hasMember>
  <hasMember>
    <reference value="Observation/SNF-SC-IP-MDS-IPA-1D-Ob-Question-27"/>
  </hasMember>
  <hasMember>
    <reference value="Observation/SNF-SC-IP-MDS-IPA-1D-Ob-Question-28"/>
  </hasMember>
</Observation>