<?xml version="1.0" encoding="UTF-8"?>

<Observation xmlns="http://hl7.org/fhir">
  <id value="SNF-PF-MDS-5-Day-NC-1A-Ob-Question-2"/>
  <text>
    <status value="extensions"/><div xmlns="http://www.w3.org/1999/xhtml"><p><b>Generated Narrative</b></p><p><b>Event Location</b>: <a href="Location-Provider-Org-Loc-1.html">Generated Summary: status: active; name: Happy Nursing Facility</a></p><p></p><p><b>code</b>: <span title="Codes: {http://loinc.org 85071-9}">Indoor mobility (Ambulation) [CMS Assessment]</span></p><p><b>subject</b>: <a href="Patient-patientBSJ1.html">Generated Summary: id: 10A3D58WH1600; active; Betsy Smith-Johnson; Phone: 210-222-1111; gender: female; birthDate: 1950-11-01; <span title="Codes: {http://terminology.hl7.org/CodeSystem/v3-MaritalStatus U}">unmarried</span></a></p><p><b>effective</b>: Jan 2, 2020, 1:00:00 PM</p><p><b>performer</b>: <a href="PractitionerRole-provider-role-nurse-Practitioner-SummerJohnson.html">Generated Summary: active; <span title="Codes: {http://nucc.org/provider-taxonomy 363L00000X}">Nurse Practitioner</span>; <span title="Codes: {http://nucc.org/provider-taxonomy 224571005}">Nurse Practitioner</span></a></p><p><b>value</b>: <span title="Codes: {http://loinc.org LA11539-6}">Independent - Patient completed the activities by him/herself, with or without an assistive device, with no assistance from a helper.</span></p></div>
  </text>
  <extension url="http://hl7.org/fhir/StructureDefinition/event-location">
    <valueReference>
      <reference value="Location/Provider-Org-Loc-1"/>
    </valueReference>
  </extension>
  <status value="final"/>
  <code>
    <coding>
      <system value="http://loinc.org"/>
      <code value="85071-9"/>
      <display value="Indoor mobility (Ambulation) [CMS Assessment]"/>
    </coding>
    <text value="Indoor mobility (Ambulation) [CMS Assessment]"/>
  </code>
  <subject>
    <reference value="Patient/patientBSJ1"/>
  </subject>
  <effectiveDateTime value="2020-01-02T16:00:00-05:00"/>
  <performer>
    <reference value="PractitionerRole/provider-role-nurse-Practitioner-SummerJohnson"/>
  </performer>
  <valueCodeableConcept>
    <coding>
      <system value="http://loinc.org"/>
      <code value="LA11539-6"/>
      <display value="Independent - Patient completed the activities by him/herself, with or without an assistive device, with no assistance from a helper."/>
    </coding>
    <text value="Independent - Patient completed the activities by him/herself, with or without an assistive device, with no assistance from a helper."/>
  </valueCodeableConcept>
</Observation>