<?xml version="1.0" encoding="UTF-8"?>

<Observation xmlns="http://hl7.org/fhir">
  <id value="HHA-MOB-FU-60-OASIS-2C-Ob-Question-18"/>
  <text>
    <status value="extensions"/><div xmlns="http://www.w3.org/1999/xhtml"><p><b>Generated Narrative</b></p><p><b>Event Location</b>: <a href="Location-Provider-Org-Loc-2.html">Generated Summary: status: active; name: Sky Harbor Home Health Services</a></p><p></p><p><b>code</b>: <span title="Codes: {http://loinc.org 95007-1}">Chair/bed-to-chair transfer - usual functional ability during assessment period [CMS Assessment]</span></p><p><b>subject</b>: <a href="Patient-patientBSJ1.html">Generated Summary: id: 10A3D58WH1600; active; Betsy Smith-Johnson; Phone: 210-222-1111; gender: female; birthDate: 1950-11-01; <span title="Codes: {http://terminology.hl7.org/CodeSystem/v3-MaritalStatus U}">unmarried</span></a></p><p><b>effective</b>: Apr 10, 2020, 9:21:00 AM</p><p><b>performer</b>: <a href="PractitionerRole-provider-role-nurse-Practitioner-JacobHartwell.html">Generated Summary: active; <span title="Codes: {http://nucc.org/provider-taxonomy 163WH0200X}">Home Health Registered Nurse</span>; <span title="Codes: {http://snomed.info/sct 224535009}">Registered Nurse (occupation)</span></a></p><p><b>value</b>: <span title="Codes: {http://loinc.org LA30910-6}">Setup or cleanup assistance - Helper sets up or cleans up; person completes activity. Helper assists only prior to or following the activity.</span></p></div>
  </text>
  <extension url="http://hl7.org/fhir/StructureDefinition/event-location">
    <valueReference>
      <reference value="Location/Provider-Org-Loc-2"/>
    </valueReference>
  </extension>
  <status value="final"/>
  <code>
    <coding>
      <system value="http://loinc.org"/>
      <code value="95007-1"/>
      <display value="Chair/bed-to-chair transfer - usual functional ability during assessment period [CMS Assessment]"/>
    </coding>
    <text value="Chair/bed-to-chair transfer - usual functional ability during assessment period [CMS Assessment]"/>
  </code>
  <subject>
    <reference value="Patient/patientBSJ1"/>
  </subject>
  <effectiveDateTime value="2020-04-10T11:21:00-05:00"/>
  <performer>
    <reference value="PractitionerRole/provider-role-nurse-Practitioner-JacobHartwell"/>
  </performer>
  <valueCodeableConcept>
    <coding>
      <system value="http://loinc.org"/>
      <code value="LA30910-6"/>
      <display value="Setup or cleanup assistance - Helper sets up or cleans up; person completes activity. Helper assists only prior to or following the activity."/>
    </coding>
    <text value="Setup or cleanup assistance - Helper sets up or cleans up; person completes activity. Helper assists only prior to or following the activity."/>
  </valueCodeableConcept>
</Observation>