<?xml version="1.0" encoding="UTF-8"?>

<Observation xmlns="http://hl7.org/fhir">
  <id value="HHA-MOB-FU-120-OASIS-2D"/>
  <text>
    <status value="extensions"/><div xmlns="http://www.w3.org/1999/xhtml"><p><b>Generated Narrative</b></p><p><b>Event Location</b>: <a href="Location-Provider-Org-Loc-2.html">Generated Summary: status: active; name: Sky Harbor Home Health Services</a></p><p></p><p><b>category</b>: <span title="Codes: {http://terminology.hl7.org/CodeSystem/observation-category survey}">Survey</span></p><p><b>code</b>: <span title="Codes: {http://loinc.org 88486-6}">OASID D - Mobility - follow-up perfomance during assessment period [CMS Assessment]</span></p><p><b>subject</b>: <a href="Patient-patientBSJ1.html">Generated Summary: id: 10A3D58WH1600; active; Betsy Smith-Johnson; Phone: 210-222-1111; gender: female; birthDate: 1950-11-01; <span title="Codes: {http://terminology.hl7.org/CodeSystem/v3-MaritalStatus U}">unmarried</span></a></p><p><b>effective</b>: Jun 9, 2020, 12:00:00 PM</p><p><b>performer</b>: <a href="PractitionerRole-provider-role-physical-therapist-Practitioner-ScottDumble.html">Generated Summary: active; <span title="Codes: {http://nucc.org/provider-taxonomy 225100000X}">Physical Therapist</span>; <span title="Codes: {http://snomed.info/sct 24430003}">Physical Medicine Specialist</span></a></p><p><b>hasMember</b>: </p><ul><li><a href="Observation-HHA-MOB-FU-120-OASIS-2D-Ob-Question-3.html">Generated Summary: <span title="Codes: {http://loinc.org 95011-3}">Roll left and right - usual functional ability during assessment period [CMS Assessment]</span>; effective: Jun 9, 2020, 12:00:00 PM; <span title="Codes: {http://loinc.org LA30909-8}">Independent - Person completes the activity by him/herself with no assistance from a helper.</span></a></li><li><a href="Observation-HHA-MOB-FU-120-OASIS-2D-Ob-Question-7.html">Generated Summary: <span title="Codes: {http://loinc.org 95010-5}">Sit to lying - usual functional ability during assessment period [CMS Assessment]</span>; effective: Jun 9, 2020, 12:00:00 PM; <span title="Codes: {http://loinc.org LA30909-8}">Independent - Person completes the activity by him/herself with no assistance from a helper.</span></a></li><li><a href="Observation-HHA-MOB-FU-120-OASIS-2D-Ob-Question-11.html">Generated Summary: <span title="Codes: {http://loinc.org 95009-7}">Lying to sitting on side of bed - usual functional ability during assessment period [CMS Assessment]</span>; effective: Jun 9, 2020, 12:00:00 PM; <span title="Codes: {http://loinc.org LA30909-8}">Independent - Person completes the activity by him/herself with no assistance from a helper.</span></a></li><li><a href="Observation-HHA-MOB-FU-120-OASIS-2D-Ob-Question-15.html">Generated Summary: <span title="Codes: {http://loinc.org 95008-9}">Sit to stand - usual functional ability during assessment period [CMS Assessment]</span>; effective: Jun 9, 2020, 12:00:00 PM; <span title="Codes: {http://loinc.org LA30909-8}">Independent - Person completes the activity by him/herself with no assistance from a helper.</span></a></li><li><a href="Observation-HHA-MOB-FU-120-OASIS-2D-Ob-Question-19.html">Generated Summary: <span title="Codes: {http://loinc.org 95007-1}">Chair/bed-to-chair transfer - usual functional ability during assessment period [CMS Assessment]</span>; effective: Jun 9, 2020, 12:00:00 PM; <span title="Codes: {http://loinc.org LA30909-8}">Independent - Person completes the activity by him/herself with no assistance from a helper.</span></a></li><li><a href="Observation-HHA-MOB-FU-120-OASIS-2D-Ob-Question-23.html">Generated Summary: <span title="Codes: {http://loinc.org 95006-3}">Toilet transfer - usual functional ability during assessment period [CMS Assessment]</span>; effective: Jun 9, 2020, 12:00:00 PM; <span title="Codes: {http://loinc.org LA30909-8}">Independent - Person completes the activity by him/herself with no assistance from a helper.</span></a></li><li><a href="Observation-HHA-MOB-FU-120-OASIS-2D-Ob-Question-29.html">Generated Summary: <span title="Codes: {http://loinc.org 95004-8}">Walk 10 feet - usual functional ability during assessment period [CMS Assessment]</span>; effective: Jun 9, 2020, 12:00:00 PM; <span title="Codes: {http://loinc.org LA30909-8}">Independent - Person completes the activity by him/herself with no assistance from a helper.</span></a></li><li><a href="Observation-HHA-MOB-FU-120-OASIS-2D-Ob-Question-33.html">Generated Summary: <span title="Codes: {http://loinc.org 95003-0}">Walk 50 feet with two turns - usual functional ability during assessment period [CMS Assessment]</span>; effective: Jun 9, 2020, 12:00:00 PM; <span title="Codes: {http://loinc.org LA30910-6}">Setup or cleanup assistance - Helper sets up or cleans up; person completes activity. Helper assists only prior to or following the activity.</span></a></li><li><a href="Observation-HHA-MOB-FU-120-OASIS-2D-Ob-Question-39.html">Generated Summary: <span title="Codes: {http://loinc.org 95001-4}">Walking 10 feet on uneven surfaces - usual functional ability during assessment period [CMS Assessment]</span>; effective: Jun 9, 2020, 12:00:00 PM; <span title="Codes: {http://loinc.org LA30911-4}">Supervision or touching assistance - Helper provides verbal cues and/or touching/steadying and/or contact guard assistance as person completes activity. Assistance may be provided throughout the activity or intermittently.</span></a></li><li><a href="Observation-HHA-MOB-FU-120-OASIS-2D-Ob-Question-43.html">Generated Summary: <span title="Codes: {http://loinc.org 95000-6}">Go up and down a curb/step - usual functional ability during assessment period [CMS Assessment]</span>; effective: Jun 9, 2020, 12:00:00 PM; <span title="Codes: {http://loinc.org LA30909-8}">Independent - Person completes the activity by him/herself with no assistance from a helper.</span></a></li><li><a href="Observation-HHA-MOB-FU-120-OASIS-2D-Ob-Question-47.html">Generated Summary: <span title="Codes: {http://loinc.org 94999-0}">Go up and down 4 steps - usual functional ability during assessment period [CMS Assessment]</span>; effective: Jun 9, 2020, 12:00:00 PM; <span title="Codes: {http://loinc.org LA30910-6}">Setup or cleanup assistance - Helper sets up or cleans up; person completes activity. Helper assists only prior to or following the activity.</span></a></li><li><a href="Observation-HHA-MOB-FU-120-OASIS-2D-Ob-Question-56.html">Generated Summary: <span title="Codes: {http://loinc.org 95738-1}">Does the patient use a wheelchair/scooter during assessment period [CMS Assessment]</span>; effective: Jun 9, 2020, 12:00:00 PM; <span title="Codes: {http://loinc.org LA32-8}">No</span></a></li></ul></div>
  </text>
  <extension url="http://hl7.org/fhir/StructureDefinition/event-location">
    <valueReference>
      <reference value="Location/Provider-Org-Loc-2"/>
    </valueReference>
  </extension>
  <status value="final"/>
  <category>
    <coding>
      <system value="http://terminology.hl7.org/CodeSystem/observation-category"/>
      <code value="survey"/>
    </coding>
  </category>
  <code>
    <coding>
      <system value="http://loinc.org"/>
      <code value="88486-6"/>
      <display value="OASID D - Mobility - follow-up perfomance during assessment period [CMS Assessment]"/>
    </coding>
  </code>
  <subject>
    <reference value="Patient/patientBSJ1"/>
  </subject>
  <effectiveDateTime value="2020-06-09T14:00:00-05:00"/>
  <performer>
    <reference value="PractitionerRole/provider-role-physical-therapist-Practitioner-ScottDumble"/>
  </performer>
  <hasMember>
    <reference value="Observation/HHA-MOB-FU-120-OASIS-2D-Ob-Question-3"/>
  </hasMember>
  <hasMember>
    <reference value="Observation/HHA-MOB-FU-120-OASIS-2D-Ob-Question-7"/>
  </hasMember>
  <hasMember>
    <reference value="Observation/HHA-MOB-FU-120-OASIS-2D-Ob-Question-11"/>
  </hasMember>
  <hasMember>
    <reference value="Observation/HHA-MOB-FU-120-OASIS-2D-Ob-Question-15"/>
  </hasMember>
  <hasMember>
    <reference value="Observation/HHA-MOB-FU-120-OASIS-2D-Ob-Question-19"/>
  </hasMember>
  <hasMember>
    <reference value="Observation/HHA-MOB-FU-120-OASIS-2D-Ob-Question-23"/>
  </hasMember>
  <hasMember>
    <reference value="Observation/HHA-MOB-FU-120-OASIS-2D-Ob-Question-29"/>
  </hasMember>
  <hasMember>
    <reference value="Observation/HHA-MOB-FU-120-OASIS-2D-Ob-Question-33"/>
  </hasMember>
  <hasMember>
    <reference value="Observation/HHA-MOB-FU-120-OASIS-2D-Ob-Question-39"/>
  </hasMember>
  <hasMember>
    <reference value="Observation/HHA-MOB-FU-120-OASIS-2D-Ob-Question-43"/>
  </hasMember>
  <hasMember>
    <reference value="Observation/HHA-MOB-FU-120-OASIS-2D-Ob-Question-47"/>
  </hasMember>
  <hasMember>
    <reference value="Observation/HHA-MOB-FU-120-OASIS-2D-Ob-Question-56"/>
  </hasMember>
</Observation>