<?xml version="1.0" encoding="UTF-8"?>

<PractitionerRole xmlns="http://hl7.org/fhir">
  <id value="provider-role-nurse-Practitioner-TamaraRodriguez"/>
  <text>
    <status value="generated"/><div xmlns="http://www.w3.org/1999/xhtml"><p><b>Generated Narrative</b></p><p><b>active</b>: true</p><p><b>practitioner</b>: <a href="Practitioner-Practitioner-TamaraRodriguez.html">Generated Summary: active; Tamara Rodriguez; Phone: (210) 555 2089; gender: female</a></p><p><b>organization</b>: <a href="Organization-Provider-Org-2.html">Generated Summary: name: Sky Harbor Home Health Services</a></p><p><b>code</b>: <span title="Codes: {http://nucc.org/provider-taxonomy 363L00000X}">Nurse Practitioner</span></p><p><b>specialty</b>: <span title="Codes: {http://nucc.org/provider-taxonomy 224571005}">Nurse Practitioner</span></p><p><b>location</b>: <a href="Location-Provider-Org-Loc-2.html">Generated Summary: status: active; name: Sky Harbor Home Health Services</a></p></div>
  </text>
  <active value="true"/>
  <practitioner>
    <reference value="Practitioner/Practitioner-TamaraRodriguez"/>
  </practitioner>
  <organization>
    <reference value="Organization/Provider-Org-2"/>
  </organization>
  <code>
    <coding>
      <system value="http://nucc.org/provider-taxonomy"/>
      <code value="363L00000X"/>
      <display value="Nurse Practitioner"/>
    </coding>
  </code>
  <specialty>
    <coding>
      <system value="http://nucc.org/provider-taxonomy"/>
      <code value="224571005"/>
      <display value="Nurse Practitioner"/>
    </coding>
  </specialty>
  <location>
    <reference value="Location/Provider-Org-Loc-2"/>
  </location>
</PractitionerRole>